<?xml version="1.0" ?>
<install version="1.5" type="extension" extension="jceplayer" folder="mediaplayer" core="1">
	<name>WF_MEDIAPLAYER_JCEPLAYER_TITLE</name>
	<version>2.4.5</version>
	<creationDate>09 December 2014</creationDate>
	<author>Ryan Demmer</author>
	<authorEmail>info@joomlacontenteditor.net</authorEmail>
	<authorUrl>http://www.joomlacontenteditor.net/</authorUrl>
	<copyright>Copyright (C) 2006 - 2014 Ryan Demmer. All rights reserved</copyright>
	<license>GNU/GPL Version 2 or later - http://www.gnu.org/licenses/gpl-2.0.html</license>
	<description>WF_MEDIAPLAYER_JCEPLAYER_DESC</description>
	<files>
		<filename>jceplayer.php</filename>
		<folder>jceplayer</folder>
	</files>
	<params group="jceplayer" parent="mediaplayer">
		<param name="extensions" type="text" default="flv,f4v,mp3,mp4,xml" size="50" label="WF_MEDIAPLAYER_EXTENSIONS" description="WF_MEDIAPLAYER_EXTENSIONS_DESC" />
		<param name="path" type="text" size="50" default="media/jce/mediaplayer/mediaplayer.swf" label="WF_MEDIAPLAYER_PATH" description="WF_MEDIAPLAYER_PATH_DESC" />
	</params>
	<media folder="components/com_jce/editor/libraries" destination="jce">
    	<folder>mediaplayer</folder>
  	</media>
	<plugins></plugins>
	<languages></languages>
</install>
